NAME,X,Y,URL,LINE
W 4th St - Washington Sq (Lower),-74.00030815,40.73225483,http://www.mta.info/nyct/subway/index.html,B-D-F-M
Buhre Ave,-73.832569,40.84681033,http://www.mta.info/nyct/subway/index.html,6-6 Express
51st St,-73.97192,40.75710733,http://www.mta.info/nyct/subway/index.html,4-6-6 Express
86th St,-73.976218,40.78864433,http://www.mta.info/nyct/subway/index.html,1月2日
Brooklyn Bridge - City Hall,-74.004131,40.71306533,http://www.mta.info/nyct/subway/index.html,4-5-6-6 Express
33rd St,-73.982076,40.74608133,http://www.mta.info/nyct/subway/index.html,4-6-6 Express
Lexington Ave - 59th St,-73.967967,40.76252633,http://www.mta.info/nyct/subway/index.html,4-5-6-6 Express
233rd St,-73.85736239,40.89314358,http://www.mta.info/nyct/subway/index.html,2月5日
66th St - Lincoln Ctr,-73.982209,40.77344033,http://www.mta.info/nyct/subway/index.html,1月2日
Hunts Point Ave,-73.890549,40.82094833,http://www.mta.info/nyct/subway/index.html,6-6 Express
Canal St,-74.006277,40.72285433,http://www.mta.info/nyct/subway/index.html,1月2日
Middletown Rd,-73.836322,40.84386333,http://www.mta.info/nyct/subway/index.html,6-6 Express
23rd St,-73.986599,40.73986433,http://www.mta.info/nyct/subway/index.html,4-6-6 Express
45th Rd - Court House Sq,-73.945264,40.74702333,http://www.mta.info/nyct/subway/index.html,7-7 Express
Astor Pl,-73.99107,40.73005433,http://www.mta.info/nyct/subway/index.html,4-6-6 Express
59th St - Columbus Circle,-73.981929,40.76824733,http://www.mta.info/nyct/subway/index.html,1月2日
Hunters Point Ave,-73.948916,40.74221633,http://www.mta.info/nyct/subway/index.html,7-7 Express
96th St,-73.95107,40.78567233,http://www.mta.info/nyct/subway/index.html,4-6-6 Express
Mets - Willets Point,-73.845625,40.75462233,http://www.mta.info/nyct/subway/index.html,7-7 Express
23rd St,-73.995657,40.74408133,http://www.mta.info/nyct/subway/index.html,1月2日
Houston St,-74.005367,40.72825133,http://www.mta.info/nyct/subway/index.html,1月2日
3rd Ave - 138th St,-73.926138,40.81047633,http://www.mta.info/nyct/subway/index.html,6-6 Express
Zerega Ave,-73.847036,40.83648833,http://www.mta.info/nyct/subway/index.html,6-6 Express
104th St,-73.837683,40.68171133,http://www.mta.info/nyct/subway/index.html,A-S
Bleecker St (Downtown),-73.99467468,40.72593124,http://www.mta.info/nyct/subway/index.html,4-6-6 Express
Castle Hill Ave,-73.851222,40.83425533,http://www.mta.info/nyct/subway/index.html,6-6 Express
Broad Channel,-73.81583269,40.60840251,http://www.mta.info/nyct/subway/index.html,A-S
Ocean Pkwy,-73.968501,40.576312,http://www.mta.info/nyct/subway/index.html,Q
50th St,-73.983849,40.76172833,http://www.mta.info/nyct/subway/index.html,1月2日
Vernon Blvd - Jackson Ave,-73.953581,40.74262633,http://www.mta.info/nyct/subway/index.html,7-7 Express
68th St - Hunter College,-73.96387,40.76814133,http://www.mta.info/nyct/subway/index.html,4-6-6 Express
Queensboro Plz,-73.94016353,40.75063598,http://www.mta.info/nyct/subway/index.html,7-7 Express-N-W
Rockaway Blvd,-73.843853,40.68042933,http://www.mta.info/nyct/subway/index.html,A-S
Union Sq - 14th St,-73.989951,40.73467333,http://www.mta.info/nyct/subway/index.html,4-5-6-6 Express
Junction Blvd,-73.869527,40.74914533,http://www.mta.info/nyct/subway/index.html,7-7 Express
Classon Ave,-73.95999,40.68888933,http://www.mta.info/nyct/subway/index.html,G
Bedford - Nostrand Aves,-73.953522,40.68962733,http://www.mta.info/nyct/subway/index.html,G
15th St - Prospect Park,-73.97973581,40.66003602,http://www.mta.info/nyct/subway/index.html,F-G
7th Ave,-73.98025118,40.66624502,http://www.mta.info/nyct/subway/index.html,F-G
Ft Hamilton Pkwy,-73.975776,40.650782,http://www.mta.info/nyct/subway/index.html,F-G
Church Ave,-73.97972116,40.64427233,http://www.mta.info/nyct/subway/index.html,F-G
Beverly Rd,-73.9643578,40.64390493,http://www.mta.info/nyct/subway/index.html,B-Q
Church Ave,-73.96288246,40.65049358,http://www.mta.info/nyct/subway/index.html,B-Q
Newkirk Ave,-73.96269487,40.63514227,http://www.mta.info/nyct/subway/index.html,B-Q
Parkside Ave,-73.96145344,40.65507337,http://www.mta.info/nyct/subway/index.html,B-Q
Prospect Park,-73.9620313,40.66163379,http://www.mta.info/nyct/subway/index.html,B-Q-S
Grand Army Plaza,-73.97095633,40.67529503,http://www.mta.info/nyct/subway/index.html,2002/3/4
Bergen St,-73.97499915,40.68086247,http://www.mta.info/nyct/subway/index.html,2002/3/4
Atlantic Ave,-73.97754994,40.6844205,http://www.mta.info/nyct/subway/index.html,2-3-4-5
Rockaway Ave,-73.911946,40.67834033,http://www.mta.info/nyct/subway/index.html,A-C
Fulton St,-73.975375,40.68711933,http://www.mta.info/nyct/subway/index.html,G
Clinton - Washington Aves,-73.966796,40.68809433,http://www.mta.info/nyct/subway/index.html,G
7th Ave,-73.97285279,40.67710251,http://www.mta.info/nyct/subway/index.html,B-Q
Atlantic Ave,-73.97678344,40.68448866,http://www.mta.info/nyct/subway/index.html,B-Q
Union St,-73.98311,40.677316,http://www.mta.info/nyct/subway/index.html,D-N-R
Atlantic Av - Pacific St,-73.97881,40.683666,http://www.mta.info/nyct/subway/index.html,D-N-R
Borough Hall,-73.990151,40.69240433,http://www.mta.info/nyct/subway/index.html,4月5日
Aqueduct Racetrack (To Manh Only),-73.835919,40.67209733,http://www.mta.info/nyct/subway/index.html,A
DeKalb Ave,-73.981824,40.690635,http://www.mta.info/nyct/subway/index.html,B-D-N-Q-R
Morris Park,-73.860495,40.85436433,http://www.mta.info/nyct/subway/index.html,5
Pelham Pkwy,-73.855359,40.85898533,http://www.mta.info/nyct/subway/index.html,5
Nostrand Ave,-73.950426,40.68043833,http://www.mta.info/nyct/subway/index.html,A-C
Nevins St,-73.9804068,40.68831091,http://www.mta.info/nyct/subway/index.html,2-3-4-5
Eastern Pkwy - Bklyn Museum,-73.96422204,40.67203257,http://www.mta.info/nyct/subway/index.html,2002/3/4
Franklin Ave,-73.95809974,40.67076549,http://www.mta.info/nyct/subway/index.html,2-3-4-5
Beverly Rd,-73.94884798,40.64512385,http://www.mta.info/nyct/subway/index.html,2月5日
Church Ave,-73.94945514,40.65086102,http://www.mta.info/nyct/subway/index.html,2月5日
Newkirk Ave,-73.94829991,40.63999158,http://www.mta.info/nyct/subway/index.html,2月5日
Brooklyn College - Flatbush Ave,-73.94754121,40.63284274,http://www.mta.info/nyct/subway/index.html,2月5日
Winthrop St,-73.95007935,40.65665965,http://www.mta.info/nyct/subway/index.html,2月5日
Sterling St,-73.95072891,40.66277333,http://www.mta.info/nyct/subway/index.html,2月5日
Crown Hts - Utica Ave,-73.93293256,40.66897864,http://www.mta.info/nyct/subway/index.html,3月4日
Kingston Ave,-73.94215978,40.66948178,http://www.mta.info/nyct/subway/index.html,3月4日
Kingston - Throop Aves,-73.940859,40.67991933,http://www.mta.info/nyct/subway/index.html,A-C
Nassau Ave,-73.951183,40.72448033,http://www.mta.info/nyct/subway/index.html,G
Greenpoint Ave,-73.954425,40.73126733,http://www.mta.info/nyct/subway/index.html,G
Marcy Ave,-73.957832,40.70838333,http://www.mta.info/nyct/subway/index.html,J-M-Z
Hewes St,-73.953488,40.70689033,http://www.mta.info/nyct/subway/index.html,J-M
Essex St,-73.9874094,40.71830639,http://www.mta.info/nyct/subway/index.html,J-M-Z
138th St - Grand Concourse,-73.929849,40.81322433,http://www.mta.info/nyct/subway/index.html,4月5日
5th Ave - 53rd St,-73.9752485,40.76008717,http://www.mta.info/nyct/subway/index.html,E-M
Lexington Ave - 53rd St,-73.96907237,40.75746864,http://www.mta.info/nyct/subway/index.html,E-M
28th St,-73.988698,40.74545433,http://www.mta.info/nyct/subway/index.html,N-R
Herald Sq - 34th St,-73.98793683,40.74964489,http://www.mta.info/nyct/subway/index.html,N-Q-R
1st Ave,-73.98168088,40.73097531,http://www.mta.info/nyct/subway/index.html,L
Grand Central - 42nd St,-73.979189,40.752769,http://www.mta.info/nyct/subway/index.html,S
Times Sq - 42nd St,-73.986229,40.75598333,http://www.mta.info/nyct/subway/index.html,S
42nd St - Bryant Pk,-73.984591,40.75418433,http://www.mta.info/nyct/subway/index.html,B-D-F-M
Times Sq - 42nd St,-73.986768,40.75461233,http://www.mta.info/nyct/subway/index.html,N-Q-R
Metropolitan Ave,-73.951424,40.71277433,http://www.mta.info/nyct/subway/index.html,G
Grand St,-73.940497,40.71157633,http://www.mta.info/nyct/subway/index.html,L
Graham Ave,-73.943944,40.71457633,http://www.mta.info/nyct/subway/index.html,L
Lorimer St,-73.950248,40.71407233,http://www.mta.info/nyct/subway/index.html,L
Bedford Ave,-73.956665,40.71717433,http://www.mta.info/nyct/subway/index.html,L
Broadway,-73.95031226,40.70612691,http://www.mta.info/nyct/subway/index.html,G
Lorimer St,-73.947355,40.70384433,http://www.mta.info/nyct/subway/index.html,J-M
Montrose Ave,-73.93979285,40.7073914,http://www.mta.info/nyct/subway/index.html,L
23rd St - Ely Av,-73.9460547,40.74776845,http://www.mta.info/nyct/subway/index.html,E-M
Long Island City - Court Sq,-73.9438156,40.74630537,http://www.mta.info/nyct/subway/index.html,G
21st St,-73.9496,40.744129,http://www.mta.info/nyct/subway/index.html,G
39th Ave,-73.93285138,40.75276339,http://www.mta.info/nyct/subway/index.html,N-Q
36th Ave,-73.929862,40.75644233,http://www.mta.info/nyct/subway/index.html,N-Q
145th St,-73.95036,40.82655133,http://www.mta.info/nyct/subway/index.html,1
157th St,-73.94489,40.83404133,http://www.mta.info/nyct/subway/index.html,1
96th St,-73.972323,40.79391933,http://www.mta.info/nyct/subway/index.html,2001/2/3
103rd St,-73.968379,40.79944633,http://www.mta.info/nyct/subway/index.html,1
Central Park North (110th St),-73.951822,40.79907533,http://www.mta.info/nyct/subway/index.html,2月3日
103rd St,-73.96137008,40.79606107,http://www.mta.info/nyct/subway/index.html,A-B-C
Cathedral Pkwy (110th St),-73.95806671,40.80058189,http://www.mta.info/nyct/subway/index.html,A-B-C
72nd St,-73.98197,40.77845333,http://www.mta.info/nyct/subway/index.html,2001/2/3
72nd St,-73.97633658,40.77551973,http://www.mta.info/nyct/subway/index.html,A-B-C
81st St,-73.97209795,40.78134642,http://www.mta.info/nyct/subway/index.html,A-B-C
75th Ave,-73.83692369,40.71804499,http://www.mta.info/nyct/subway/index.html,E-F
Kew Gardens - Union Tpke,-73.83037027,40.71403515,http://www.mta.info/nyct/subway/index.html,E-F
86th St,-73.96882849,40.78582338,http://www.mta.info/nyct/subway/index.html,A-B-C
96th St,-73.96460246,40.79161913,http://www.mta.info/nyct/subway/index.html,A-B-C
Cathedral Pkwy (110th St),-73.966847,40.80396733,http://www.mta.info/nyct/subway/index.html,1
116th St - Columbia University,-73.96411,40.80772233,http://www.mta.info/nyct/subway/index.html,1
125th St,-73.945495,40.80775433,http://www.mta.info/nyct/subway/index.html,2月3日
135th St,-73.94077,40.81422933,http://www.mta.info/nyct/subway/index.html,2月3日
149th St - Grand Concourse,-73.92738475,40.81830378,http://www.mta.info/nyct/subway/index.html,4
116th St,-73.949625,40.80209833,http://www.mta.info/nyct/subway/index.html,2月3日
Tremont Ave,-73.905227,40.85041033,http://www.mta.info/nyct/subway/index.html,B-D
182nd-183rd Sts,-73.900741,40.85609333,http://www.mta.info/nyct/subway/index.html,B-D
137th St - City College,-73.953676,40.82200833,http://www.mta.info/nyct/subway/index.html,1
145th St,-73.936245,40.82042133,http://www.mta.info/nyct/subway/index.html,3
176th St,-73.911794,40.84848033,http://www.mta.info/nyct/subway/index.html,4
Burnside Ave,-73.907684,40.85345333,http://www.mta.info/nyct/subway/index.html,4
170th St,-73.9134,40.83930633,http://www.mta.info/nyct/subway/index.html,B-D
174th-175th Sts,-73.910136,40.84590033,http://www.mta.info/nyct/subway/index.html,B-D
168th St,-73.940133,40.84055633,http://www.mta.info/nyct/subway/index.html,1
181st St,-73.933596,40.84950533,http://www.mta.info/nyct/subway/index.html,1
168th St,-73.939561,40.84071933,http://www.mta.info/nyct/subway/index.html,A-C
191st St,-73.929412,40.85522534,http://www.mta.info/nyct/subway/index.html,1
175th St,-73.939704,40.84739133,http://www.mta.info/nyct/subway/index.html,A
Beach 44th St,-73.776013,40.59294333,http://www.mta.info/nyct/subway/index.html,A
Beach 60th St,-73.788522,40.59237433,http://www.mta.info/nyct/subway/index.html,A
Beach 105th St,-73.82758075,40.58326877,http://www.mta.info/nyct/subway/index.html,A-S
Beach 98th St,-73.82052059,40.58538602,http://www.mta.info/nyct/subway/index.html,A-S
Rockaway Park - Beach 116 St,-73.83559009,40.5809562,http://www.mta.info/nyct/subway/index.html,A-S
Beach 90th St,-73.8136514,40.5880919,http://www.mta.info/nyct/subway/index.html,A-S
Beach 36th St,-73.768175,40.59539833,http://www.mta.info/nyct/subway/index.html,A
Beach 25th St,-73.761353,40.60006633,http://www.mta.info/nyct/subway/index.html,A
Parsons Blvd,-73.803289,40.70757233,http://www.mta.info/nyct/subway/index.html,F
169th St,-73.7934742,40.71051784,http://www.mta.info/nyct/subway/index.html,F
103rd St - Corona Plaza,-73.8627,40.74986533,http://www.mta.info/nyct/subway/index.html,7
111th St,-73.855334,40.75173033,http://www.mta.info/nyct/subway/index.html,7
63rd Dr - Rego Park,-73.8616182,40.72976431,http://www.mta.info/nyct/subway/index.html,E-M-R
Grant Ave,-73.86505,40.67704433,http://www.mta.info/nyct/subway/index.html,A-S
79th St,-73.979917,40.78393433,http://www.mta.info/nyct/subway/index.html,1月2日
Atlantic Ave,-73.903097,40.675345,http://www.mta.info/nyct/subway/index.html,L
Christopher St - Sheridan Sq,-74.002906,40.73342233,http://www.mta.info/nyct/subway/index.html,1月2日
E 149th St,-73.904098,40.81211833,http://www.mta.info/nyct/subway/index.html,6
Ozone Park - Lefferts Blvd,-73.825798,40.68595133,http://www.mta.info/nyct/subway/index.html,A-S
Times Sq - 42nd St,-73.987691,40.75547733,http://www.mta.info/nyct/subway/index.html,7-7 Express
77th St,-73.959874,40.77362033,http://www.mta.info/nyct/subway/index.html,4-6-6 Express
Woodside - 61st St,-73.902984,40.74563033,http://www.mta.info/nyct/subway/index.html,7-7 Express
111th St,-73.832163,40.68433133,http://www.mta.info/nyct/subway/index.html,A-S
Flushing - Main St,-73.83003,40.75960033,http://www.mta.info/nyct/subway/index.html,7-7 Express
W 8th St - NY Aquarium,-73.97595787,40.57603415,http://www.mta.info/nyct/subway/index.html,F-Q
28th St,-73.993365,40.74721533,http://www.mta.info/nyct/subway/index.html,1月2日
28th St,-73.984264,40.74307033,http://www.mta.info/nyct/subway/index.html,4-6-6 Express
Pelham Bay Park,-73.828121,40.85246233,http://www.mta.info/nyct/subway/index.html,6-6 Express
Westchester Sq - E Tremont Ave,-73.842952,40.83989233,http://www.mta.info/nyct/subway/index.html,6-6 Express
18th St,-73.997871,40.74104033,http://www.mta.info/nyct/subway/index.html,1月2日
Grand Central - 42nd St,-73.9767133,40.75180776,http://www.mta.info/nyct/subway/index.html,4-5-6-6 Express
Grand Central - 42nd St,-73.976041,40.75143133,http://www.mta.info/nyct/subway/index.html,7-7 Express
Canal St,-74.000193,40.71880333,http://www.mta.info/nyct/subway/index.html,4-6-6 Express
Beach 67th St,-73.796924,40.59092733,http://www.mta.info/nyct/subway/index.html,A
W 4th St - Washington Sq (Upper),-74.000495,40.73233833,http://www.mta.info/nyct/subway/index.html,A-C-E
67th Ave,-73.85286048,40.72650581,http://www.mta.info/nyct/subway/index.html,E-M-R
85th St - Forest Pky,-73.860087,40.69242733,http://www.mta.info/nyct/subway/index.html,J
Woodhaven Blvd,-73.852052,40.69370433,http://www.mta.info/nyct/subway/index.html,J-Z
111th St,-73.83679338,40.69711514,http://www.mta.info/nyct/subway/index.html,J
121st St,-73.828349,40.70048233,http://www.mta.info/nyct/subway/index.html,J-Z
Sutphin Blvd - Archer Av,-73.80800472,40.70038276,http://www.mta.info/nyct/subway/index.html,E-J-Z
Halsey St,-73.903934,40.69551833,http://www.mta.info/nyct/subway/index.html,L
Myrtle Ave,-73.91097572,40.6994714,http://www.mta.info/nyct/subway/index.html,L
New Lots Ave,-73.88411071,40.66631527,http://www.mta.info/nyct/subway/index.html,3月4日
Van Siclen Ave,-73.88940492,40.6655183,http://www.mta.info/nyct/subway/index.html,3月4日
Pennsylvania Ave,-73.89488591,40.66471478,http://www.mta.info/nyct/subway/index.html,3月4日
Van Siclen Ave,-73.890358,40.67271033,http://www.mta.info/nyct/subway/index.html,A-C
Van Siclen Ave,-73.89165773,40.67802855,http://www.mta.info/nyct/subway/index.html,J-Z
Cleveland St,-73.885194,40.67977833,http://www.mta.info/nyct/subway/index.html,J
Livonia Ave,-73.90056237,40.6640576,http://www.mta.info/nyct/subway/index.html,L
Sutter Ave,-73.901916,40.66914533,http://www.mta.info/nyct/subway/index.html,L
Junius St,-73.90244864,40.66358933,http://www.mta.info/nyct/subway/index.html,3月4日
Rockaway Ave,-73.90895834,40.66261782,http://www.mta.info/nyct/subway/index.html,3月4日
Canarsie - Rockaway Pkwy,-73.90185,40.646654,http://www.mta.info/nyct/subway/index.html,L
E 105th St,-73.89954769,40.65046912,http://www.mta.info/nyct/subway/index.html,L
Saratoga Ave,-73.91633025,40.66153012,http://www.mta.info/nyct/subway/index.html,3月4日
Sutter Ave - Rutland Road,-73.92252119,40.66476712,http://www.mta.info/nyct/subway/index.html,3月4日
New Lots Ave,-73.89927796,40.65891511,http://www.mta.info/nyct/subway/index.html,L
Far Rockaway - Mott Ave,-73.755405,40.60399533,http://www.mta.info/nyct/subway/index.html,A
Chauncey St,-73.91038357,40.68285163,http://www.mta.info/nyct/subway/index.html,J-Z
Broadway Junction,-73.90429,40.67936633,http://www.mta.info/nyct/subway/index.html,J-Z
Halsey St,-73.91663888,40.6864156,http://www.mta.info/nyct/subway/index.html,J
Alabama Ave,-73.898526,40.67699833,http://www.mta.info/nyct/subway/index.html,J
Shepherd Ave,-73.88075,40.67413033,http://www.mta.info/nyct/subway/index.html,A-C
Norwood Ave,-73.879626,40.68152033,http://www.mta.info/nyct/subway/index.html,J-Z
Crescent St,-73.87392925,40.68315299,http://www.mta.info/nyct/subway/index.html,J-Z
Cypress Hills,-73.873322,40.68961633,http://www.mta.info/nyct/subway/index.html,J
75th St - Eldert Ln,-73.867288,40.69129033,http://www.mta.info/nyct/subway/index.html,J-Z
69th St,-73.896403,40.74632533,http://www.mta.info/nyct/subway/index.html,7
74th St - Broadway,-73.89120513,40.74686791,http://www.mta.info/nyct/subway/index.html,7
65th St,-73.89878838,40.74971986,http://www.mta.info/nyct/subway/index.html,E-M-R
Woodhaven Blvd - Queens Mall,-73.86943208,40.73309771,http://www.mta.info/nyct/subway/index.html,E-M-R
Wyckoff Ave,-73.912179,40.69945433,http://www.mta.info/nyct/subway/index.html,M
Seneca Ave,-73.907582,40.70291933,http://www.mta.info/nyct/subway/index.html,M
DeKalb Ave,-73.918232,40.70369333,http://www.mta.info/nyct/subway/index.html,L
52nd St,-73.912549,40.74414933,http://www.mta.info/nyct/subway/index.html,7
46th St,-73.91352175,40.75631729,http://www.mta.info/nyct/subway/index.html,E-M-R
Northern Blvd,-73.90606508,40.75282516,http://www.mta.info/nyct/subway/index.html,E-M-R
46th St,-73.918435,40.74313233,http://www.mta.info/nyct/subway/index.html,7
82nd St - Jackson Hts,-73.883697,40.74765933,http://www.mta.info/nyct/subway/index.html,7
90th St - Elmhurst Av,-73.876613,40.74840833,http://www.mta.info/nyct/subway/index.html,7
Grand Ave - Newtown,-73.87722086,40.73681375,http://www.mta.info/nyct/subway/index.html,E-M-R
Elmhurst Ave,-73.88203475,40.74237041,http://www.mta.info/nyct/subway/index.html,E-M-R
Howard Beach - JFK Airport,-73.830301,40.66047633,http://www.mta.info/nyct/subway/index.html,A
Aqueduct - North Conduit Av,-73.834058,40.66823433,http://www.mta.info/nyct/subway/index.html,A
104th-102nd Sts,-73.844435,40.69516633,http://www.mta.info/nyct/subway/index.html,J-Z
Briarwood - Van Wyck Blvd,-73.82069264,40.70916215,http://www.mta.info/nyct/subway/index.html,E-F
Forest Hills - 71st Av,-73.84451672,40.72159464,http://www.mta.info/nyct/subway/index.html,E-F-M-R
Sutphin Blvd,-73.810833,40.70541833,http://www.mta.info/nyct/subway/index.html,F
Jamaica - Van Wyck,-73.81701287,40.70289889,http://www.mta.info/nyct/subway/index.html,E
Jamaica Ctr - Parsons / Archer,-73.80109632,40.70206771,http://www.mta.info/nyct/subway/index.html,E-J-Z
Simpson St,-73.89306639,40.82397717,http://www.mta.info/nyct/subway/index.html,2月5日
Freeman St,-73.89175225,40.82998778,http://www.mta.info/nyct/subway/index.html,2月5日
225th St,-73.86021462,40.88802859,http://www.mta.info/nyct/subway/index.html,2月5日
Elder Ave,-73.879159,40.82858433,http://www.mta.info/nyct/subway/index.html,6
Morrison Av - Soundview,-73.874516,40.82952134,http://www.mta.info/nyct/subway/index.html,6
Longwood Ave,-73.896435,40.81610433,http://www.mta.info/nyct/subway/index.html,6
Astoria Blvd,-73.918095,40.77003733,http://www.mta.info/nyct/subway/index.html,N-Q
Astoria - Ditmars Blvd,-73.912034,40.775036,http://www.mta.info/nyct/subway/index.html,N-Q
Jackson Ave,-73.90770194,40.8164378,http://www.mta.info/nyct/subway/index.html,2月5日
Prospect Ave,-73.90177779,40.8194876,http://www.mta.info/nyct/subway/index.html,2月5日
Cypress Ave,-73.914042,40.80536833,http://www.mta.info/nyct/subway/index.html,6
Whitlock Ave,-73.886283,40.82652533,http://www.mta.info/nyct/subway/index.html,6
Intervale Ave,-73.89661738,40.82214246,http://www.mta.info/nyct/subway/index.html,2月5日
174th St,-73.8876936,40.83719588,http://www.mta.info/nyct/subway/index.html,2月5日
Pelham Pkwy,-73.86748068,40.85719274,http://www.mta.info/nyct/subway/index.html,2月5日
Allerton Ave,-73.86723423,40.86548371,http://www.mta.info/nyct/subway/index.html,2月5日
E 143rd St - St Mary's St,-73.907657,40.80871933,http://www.mta.info/nyct/subway/index.html,6
Kingsbridge Rd,-73.897174,40.86776033,http://www.mta.info/nyct/subway/index.html,4
Bedford Park Blvd - Lehman College,-73.890064,40.87341233,http://www.mta.info/nyct/subway/index.html,4
Harlem - 148 St,-73.93647,40.82388033,http://www.mta.info/nyct/subway/index.html,3
Mt Eden Ave,-73.914685,40.84443433,http://www.mta.info/nyct/subway/index.html,4
Fordham Rd,-73.897749,40.86129633,http://www.mta.info/nyct/subway/index.html,B-D
170th St,-73.917791,40.84007533,http://www.mta.info/nyct/subway/index.html,4
Kingsbridge Rd,-73.893509,40.86697833,http://www.mta.info/nyct/subway/index.html,B-D
Bedford Park Blvd,-73.887138,40.87324433,http://www.mta.info/nyct/subway/index.html,B-D
Marble Hill - 225th St,-73.909831,40.87456133,http://www.mta.info/nyct/subway/index.html,1
231st St,-73.904834,40.87885633,http://www.mta.info/nyct/subway/index.html,1
215th St,-73.915279,40.86944433,http://www.mta.info/nyct/subway/index.html,1
207th St,-73.918819,40.86461433,http://www.mta.info/nyct/subway/index.html,1
Inwood - 207th St,-73.919899,40.86807233,http://www.mta.info/nyct/subway/index.html,A
238th St,-73.90087,40.88466733,http://www.mta.info/nyct/subway/index.html,1
Van Cortlandt Park - 242nd St,-73.898583,40.88924833,http://www.mta.info/nyct/subway/index.html,1
West Farms Sq - E Tremont Av,-73.87996128,40.84020797,http://www.mta.info/nyct/subway/index.html,2月5日
St Lawrence Ave,-73.867618,40.83150933,http://www.mta.info/nyct/subway/index.html,6
Bronx Park East,-73.86835609,40.848769,http://www.mta.info/nyct/subway/index.html,2月5日
Gun Hill Rd,-73.8661341,40.87783972,http://www.mta.info/nyct/subway/index.html,2月5日
219th St,-73.86250971,40.88388831,http://www.mta.info/nyct/subway/index.html,2月5日
Mosholu Pkwy,-73.884655,40.87975033,http://www.mta.info/nyct/subway/index.html,4
Norwood - 205th St,-73.878855,40.87481133,http://www.mta.info/nyct/subway/index.html,D
Burke Ave,-73.86705362,40.87125914,http://www.mta.info/nyct/subway/index.html,2月5日
Baychester Ave,-73.838591,40.87866333,http://www.mta.info/nyct/subway/index.html,5
Eastchester - Dyre Ave,-73.830834,40.88830033,http://www.mta.info/nyct/subway/index.html,5
Jamaica - 179th St,-73.783817,40.712646,http://www.mta.info/nyct/subway/index.html,F
Wakefield - 241st St,-73.85062,40.90312533,http://www.mta.info/nyct/subway/index.html,2
Botanic Garden,-73.959245,40.670343,http://www.mta.info/nyct/subway/index.html,S
Bushwick - Aberdeen,-73.90526176,40.68286096,http://www.mta.info/nyct/subway/index.html,L
Wilson Ave,-73.9039586,40.68886688,http://www.mta.info/nyct/subway/index.html,L
Broadway Junction,-73.90311758,40.67845658,http://www.mta.info/nyct/subway/index.html,L
Gun Hill Rd,-73.846384,40.86952633,http://www.mta.info/nyct/subway/index.html,5
E 180th St,-73.87334609,40.84186337,http://www.mta.info/nyct/subway/index.html,2月5日
Dyckman St,-73.925536,40.86053133,http://www.mta.info/nyct/subway/index.html,1
125th St,-73.958372,40.81558133,http://www.mta.info/nyct/subway/index.html,1
Park Pl,-73.957624,40.674772,http://www.mta.info/nyct/subway/index.html,S
Franklin Ave - Fulton St,-73.955827,40.680596,http://www.mta.info/nyct/subway/index.html,S
Nereid Ave (238 St),-73.85431531,40.89828685,http://www.mta.info/nyct/subway/index.html,2月5日
149th St - Grand Concourse,-73.92672247,40.81833048,http://www.mta.info/nyct/subway/index.html,2月5日
3rd Ave - 149th St,-73.91779153,40.81602959,http://www.mta.info/nyct/subway/index.html,2月5日
161st St - Yankee Stadium,-73.92569199,40.82823066,http://www.mta.info/nyct/subway/index.html,4
167th St,-73.9214,40.83553733,http://www.mta.info/nyct/subway/index.html,4
Brook Ave,-73.91924,40.80756633,http://www.mta.info/nyct/subway/index.html,6
33rd St,-73.930997,40.74458733,http://www.mta.info/nyct/subway/index.html,7
40th St,-73.924016,40.74378133,http://www.mta.info/nyct/subway/index.html,7
145th St,-73.94408793,40.82476669,http://www.mta.info/nyct/subway/index.html,A-B-C-D
155th St,-73.938209,40.83013533,http://www.mta.info/nyct/subway/index.html,B-D
161st St - Yankee Stadium,-73.925651,40.82790533,http://www.mta.info/nyct/subway/index.html,B-D
167th St,-73.918432,40.83376933,http://www.mta.info/nyct/subway/index.html,B-D
Ralph Ave,-73.920786,40.67882233,http://www.mta.info/nyct/subway/index.html,A-C
Utica Ave,-73.930729,40.67936433,http://www.mta.info/nyct/subway/index.html,A-C
36th St,-73.92901818,40.75196038,http://www.mta.info/nyct/subway/index.html,E-M-R
Steinway St,-73.92052647,40.75698769,http://www.mta.info/nyct/subway/index.html,E-M-R
Kosciuszko St,-73.928509,40.69317233,http://www.mta.info/nyct/subway/index.html,J
Gates Ave,-73.922156,40.68958433,http://www.mta.info/nyct/subway/index.html,J-Z
Central Ave,-73.927243,40.69787333,http://www.mta.info/nyct/subway/index.html,M
Knickerbocker Ave,-73.91972,40.69866033,http://www.mta.info/nyct/subway/index.html,M
Broadway,-73.925823,40.76143233,http://www.mta.info/nyct/subway/index.html,N-Q
30th Ave,-73.921479,40.766779,http://www.mta.info/nyct/subway/index.html,N-Q
Jefferson St,-73.922913,40.706607,http://www.mta.info/nyct/subway/index.html,L
Morgan Ave,-73.933147,40.706152,http://www.mta.info/nyct/subway/index.html,L
Queens Plz,-73.93713824,40.74891805,http://www.mta.info/nyct/subway/index.html,E-M-R
18th Ave,-73.976971,40.629755,http://www.mta.info/nyct/subway/index.html,F
Ditmas Ave,-73.978172,40.636119,http://www.mta.info/nyct/subway/index.html,F
77th St,-74.02551,40.629742,http://www.mta.info/nyct/subway/index.html,R
Bay Ridge Ave,-74.023377,40.634967,http://www.mta.info/nyct/subway/index.html,R
55th St,-73.99534883,40.63147909,http://www.mta.info/nyct/subway/index.html,D
50th St,-73.99465878,40.63626122,http://www.mta.info/nyct/subway/index.html,D
Ft Hamilton Pkwy,-74.005351,40.631386,http://www.mta.info/nyct/subway/index.html,N
8th Ave,-74.011516,40.63497133,http://www.mta.info/nyct/subway/index.html,N
25th Ave,-73.986829,40.597704,http://www.mta.info/nyct/subway/index.html,D
Bay Pky,-73.9936762,40.6019508,http://www.mta.info/nyct/subway/index.html,D
20th Ave,-73.984522,40.61710933,http://www.mta.info/nyct/subway/index.html,N
18th Ave,-73.990454,40.62068733,http://www.mta.info/nyct/subway/index.html,N
Bay Ridge - 95th St,-74.030876,40.616622,http://www.mta.info/nyct/subway/index.html,R
86th St,-74.028398,40.622687,http://www.mta.info/nyct/subway/index.html,R
79th St,-74.00058287,40.61315926,http://www.mta.info/nyct/subway/index.html,D
71st St,-73.99884095,40.61925904,http://www.mta.info/nyct/subway/index.html,D
20th Ave,-73.99817432,40.60467733,http://www.mta.info/nyct/subway/index.html,D
18th Ave,-74.00159259,40.60773607,http://www.mta.info/nyct/subway/index.html,D
62nd St,-73.99685725,40.6262248,http://www.mta.info/nyct/subway/index.html,D
New Utrecht Ave,-73.996353,40.624842,http://www.mta.info/nyct/subway/index.html,N
Ave U,-73.97337642,40.59592516,http://www.mta.info/nyct/subway/index.html,F
Kings Hwy,-73.97235531,40.60325874,http://www.mta.info/nyct/subway/index.html,F
Brighton Beach,-73.96135379,40.57771053,http://www.mta.info/nyct/subway/index.html,B-Q
Sheepshead Bay,-73.95405791,40.58654788,http://www.mta.info/nyct/subway/index.html,B-Q
Ave U,-73.95581122,40.59930928,http://www.mta.info/nyct/subway/index.html,B-Q
Kings Hwy,-73.95760874,40.60863898,http://www.mta.info/nyct/subway/index.html,B-Q
Ave U,-73.979084,40.59723633,http://www.mta.info/nyct/subway/index.html,N
Kings Hwy,-73.980373,40.60405933,http://www.mta.info/nyct/subway/index.html,N
Neptune Ave,-73.97459273,40.58073909,http://www.mta.info/nyct/subway/index.html,F
Ave X,-73.974266,40.58945,http://www.mta.info/nyct/subway/index.html,F
Bay 50th St,-73.983765,40.588841,http://www.mta.info/nyct/subway/index.html,D
Gravesend - 86th St,-73.978189,40.59246533,http://www.mta.info/nyct/subway/index.html,N
Ave P,-73.97300282,40.60884314,http://www.mta.info/nyct/subway/index.html,F
Ave N,-73.97404851,40.61435705,http://www.mta.info/nyct/subway/index.html,F
Bay Pky,-73.97525698,40.62073196,http://www.mta.info/nyct/subway/index.html,F
Ave M,-73.9592431,40.61739808,http://www.mta.info/nyct/subway/index.html,B-Q
Bay Pky,-73.98178001,40.61145612,http://www.mta.info/nyct/subway/index.html,N
Ave I,-73.97606933,40.62501777,http://www.mta.info/nyct/subway/index.html,F
Ave J,-73.96069316,40.62502315,http://www.mta.info/nyct/subway/index.html,B-Q
Ave H,-73.96151794,40.62920871,http://www.mta.info/nyct/subway/index.html,B-Q
Neck Rd,-73.95507827,40.59532202,http://www.mta.info/nyct/subway/index.html,B-Q
21st St - Queensbridge,-73.94193761,40.7537396,http://www.mta.info/nyct/subway/index.html,F
50th St,-73.985984,40.76245633,http://www.mta.info/nyct/subway/index.html,A-C-E
7th Ave,-73.98169782,40.76297049,http://www.mta.info/nyct/subway/index.html,B-D-E
47th-50th Sts - Rockefeller Ctr,-73.981331,40.75864133,http://www.mta.info/nyct/subway/index.html,B-D-F-M
57th St,-73.977368,40.76408533,http://www.mta.info/nyct/subway/index.html,F
Lexington Ave - 63rd St,-73.96608964,40.76461843,http://www.mta.info/nyct/subway/index.html,F
Roosevelt Island - Main St,-73.953235,40.75917233,http://www.mta.info/nyct/subway/index.html,F
59th St - Columbus Circle,-73.98164872,40.76824986,http://www.mta.info/nyct/subway/index.html,A-B-C-D
49th St,-73.98420957,40.75980231,http://www.mta.info/nyct/subway/index.html,N-Q-R
57th St,-73.98072973,40.76456586,http://www.mta.info/nyct/subway/index.html,N-Q-R
5th Ave - 59th St,-73.973347,40.76481133,http://www.mta.info/nyct/subway/index.html,N-Q-R
Lexington Ave - 59th St,-73.96737502,40.76270919,http://www.mta.info/nyct/subway/index.html,N-Q-R
34th St - Penn Station,-73.991057,40.75037333,http://www.mta.info/nyct/subway/index.html,2001/2/3
Times Sq - 42nd St,-73.987495,40.75529033,http://www.mta.info/nyct/subway/index.html,2001/2/3
Broadway - Nassau St,-74.00762309,40.7101625,http://www.mta.info/nyct/subway/index.html,A-C
Chambers St,-74.00858474,40.71411133,http://www.mta.info/nyct/subway/index.html,A-C
42nd St - Port Authority Bus Term,-73.989735,40.75730833,http://www.mta.info/nyct/subway/index.html,A-C-E
Myrtle-Willoughby Aves,-73.949067,40.69461933,http://www.mta.info/nyct/subway/index.html,G
Flushing Ave,-73.950234,40.700377,http://www.mta.info/nyct/subway/index.html,G
23rd St,-73.992765,40.74295465,http://www.mta.info/nyct/subway/index.html,F-M
Herald Sq - 34th St,-73.98777189,40.74978973,http://www.mta.info/nyct/subway/index.html,B-D-F-M
Hoyt - Schermerhorn Sts,-73.98503624,40.68840881,http://www.mta.info/nyct/subway/index.html,A-C-G
Jay St - Borough Hall,-73.98721815,40.69247097,http://www.mta.info/nyct/subway/index.html,A-C-F
East Broadway,-73.990177,40.71385533,http://www.mta.info/nyct/subway/index.html,F
Delancey St,-73.98807807,40.71868108,http://www.mta.info/nyct/subway/index.html,F
Lower East Side - 2nd Ave,-73.989938,40.723402,http://www.mta.info/nyct/subway/index.html,F
Flushing Ave,-73.94137735,40.70040474,http://www.mta.info/nyct/subway/index.html,J-M
Myrtle Ave,-73.935623,40.69719533,http://www.mta.info/nyct/subway/index.html,J-M-Z
4th Ave,-73.989779,40.670272,http://www.mta.info/nyct/subway/index.html,F-G
Smith - 9th Sts,-73.99589173,40.67364139,http://www.mta.info/nyct/subway/index.html,F-G
Bergen St,-73.9907565,40.68611088,http://www.mta.info/nyct/subway/index.html,F-G
Lawrence St,-73.98605668,40.69225573,http://www.mta.info/nyct/subway/index.html,N-R
Court St,-73.99181831,40.69419681,http://www.mta.info/nyct/subway/index.html,N-R
Union Sq - 14th St,-73.99053886,40.7358726,http://www.mta.info/nyct/subway/index.html,N-Q-R
23rd St,-73.989344,40.741303,http://www.mta.info/nyct/subway/index.html,N-R
Prospect Ave,-73.992872,40.665414,http://www.mta.info/nyct/subway/index.html,D-N-R
9th St,-73.988302,40.670847,http://www.mta.info/nyct/subway/index.html,D-N-R
3rd Ave,-73.98575,40.73269133,http://www.mta.info/nyct/subway/index.html,L
Union Sq - 14th St,-73.99066977,40.73476365,http://www.mta.info/nyct/subway/index.html,L
Liberty Ave,-73.896548,40.67454233,http://www.mta.info/nyct/subway/index.html,A-C
Broadway Junction,-73.905316,40.678334,http://www.mta.info/nyct/subway/index.html,A-C
59th St,-74.017881,40.641362,http://www.mta.info/nyct/subway/index.html,N-R
45th St,-74.010006,40.648939,http://www.mta.info/nyct/subway/index.html,N-R
36th St,-74.003549,40.655144,http://www.mta.info/nyct/subway/index.html,D-N-R
9th Ave,-73.99444874,40.64648441,http://www.mta.info/nyct/subway/index.html,D
53rd St,-74.014034,40.645069,http://www.mta.info/nyct/subway/index.html,N-R
Ft Hamilton Pkwy,-73.99420224,40.64091304,http://www.mta.info/nyct/subway/index.html,D
25th St,-73.998091,40.660397,http://www.mta.info/nyct/subway/index.html,D-N-R
Carroll St,-73.99494698,40.68027368,http://www.mta.info/nyct/subway/index.html,F-G
Spring St,-74.003739,40.72622733,http://www.mta.info/nyct/subway/index.html,A-C-E
181st St,-73.937969,40.85169533,http://www.mta.info/nyct/subway/index.html,A
190th St,-73.93418,40.85902233,http://www.mta.info/nyct/subway/index.html,A
116th St,-73.95479778,40.80505847,http://www.mta.info/nyct/subway/index.html,A-B-C
125th St,-73.952248,40.81107201,http://www.mta.info/nyct/subway/index.html,A-B-C-D
Prince St,-73.997702,40.724329,http://www.mta.info/nyct/subway/index.html,N-R
8th St - NYU,-73.992508,40.73046533,http://www.mta.info/nyct/subway/index.html,N-R
Fulton St,-74.006571,40.70941633,http://www.mta.info/nyct/subway/index.html,2月3日
Park Pl,-74.008811,40.71305133,http://www.mta.info/nyct/subway/index.html,2月3日
Chambers St,-74.009266,40.71547833,http://www.mta.info/nyct/subway/index.html,2001/2/3
Hoyt St,-73.9850638,40.69054452,http://www.mta.info/nyct/subway/index.html,2月3日
Borough Hall,-73.989998,40.69321933,http://www.mta.info/nyct/subway/index.html,2月3日
183rd St,-73.903879,40.85840733,http://www.mta.info/nyct/subway/index.html,4
Fordham Rd,-73.901034,40.86280333,http://www.mta.info/nyct/subway/index.html,4
World Trade Center,-74.00974461,40.71256426,http://www.mta.info/nyct/subway/index.html,E
Canal St - Holland Tunnel,-74.005229,40.72082433,http://www.mta.info/nyct/subway/index.html,A-C-E
155th St,-73.941514,40.83051833,http://www.mta.info/nyct/subway/index.html,A-C
163rd St - Amsterdam Av,-73.939892,40.83601333,http://www.mta.info/nyct/subway/index.html,A-C
Fulton St,-74.007938,40.710023,http://www.mta.info/nyct/subway/index.html,J-Z
Chambers St,-74.00340673,40.71323412,http://www.mta.info/nyct/subway/index.html,J-Z
Canal St,-73.99982639,40.71817421,http://www.mta.info/nyct/subway/index.html,J-Z
City Hall,-74.00698582,40.71327266,http://www.mta.info/nyct/subway/index.html,N-R
Canal St,-74.001826,40.71946533,http://www.mta.info/nyct/subway/index.html,N-R
South Ferry,-74.01316896,40.70173084,http://www.mta.info/nyct/subway/index.html,1
Bowling Green,-74.014008,40.70491433,http://www.mta.info/nyct/subway/index.html,4月5日
Wall St,-74.011862,40.70755733,http://www.mta.info/nyct/subway/index.html,4月5日
Whitehall St,-74.01300724,40.70314271,http://www.mta.info/nyct/subway/index.html,N-R
Rector St,-74.01297456,40.70774509,http://www.mta.info/nyct/subway/index.html,N-R
Fresh Pond Rd,-73.895898,40.70622633,http://www.mta.info/nyct/subway/index.html,M
Middle Village - Metropolitan Ave,-73.88957723,40.71143164,http://www.mta.info/nyct/subway/index.html,M
Rector St,-74.013783,40.70751333,http://www.mta.info/nyct/subway/index.html,1
Cortlandt St (Temporarily Closed),-74.012188,40.71183533,http://www.mta.info/nyct/subway/index.html,1
Fulton St,-74.009509,40.71036833,http://www.mta.info/nyct/subway/index.html,4月5日
Broad St,-74.011056,40.70647633,http://www.mta.info/nyct/subway/index.html,J-Z
Cortlandt St (NB only),-74.01113196,40.71051332,http://www.mta.info/nyct/subway/index.html,N-R
Wall St,-74.0091,40.70682133,http://www.mta.info/nyct/subway/index.html,2月3日
Dyckman St,-73.927271,40.86549133,http://www.mta.info/nyct/subway/index.html,A
Grand St,-73.993753,40.71826733,http://www.mta.info/nyct/subway/index.html,B-D
Broadway - Lafayette St,-73.996204,40.72529733,http://www.mta.info/nyct/subway/index.html,B-D-F-M
Bowery,-73.99380691,40.72024722,http://www.mta.info/nyct/subway/index.html,J-Z
Canal St,-74.00105471,40.7188146,http://www.mta.info/nyct/subway/index.html,N-Q
23rd St,-73.998041,40.74590633,http://www.mta.info/nyct/subway/index.html,A-C-E
34th St - Penn Station,-73.993391,40.75228733,http://www.mta.info/nyct/subway/index.html,A-C-E
Jackson Hts - Roosevelt Av,-73.89129866,40.74654002,http://www.mta.info/nyct/subway/index.html,E-F-M-R
14th St,-74.000201,40.73782633,http://www.mta.info/nyct/subway/index.html,2001/2/3
135th St,-73.94753481,40.81790589,http://www.mta.info/nyct/subway/index.html,A-B-C
14th St,-73.996209,40.73822833,http://www.mta.info/nyct/subway/index.html,F-M
6th Ave,-73.99775079,40.7377418,http://www.mta.info/nyct/subway/index.html,L
8th Ave,-74.002578,40.739777,http://www.mta.info/nyct/subway/index.html,L
14th St,-74.00169,40.74089333,http://www.mta.info/nyct/subway/index.html,A-C-E
Nostrand Ave,-73.95042625,40.66993848,http://www.mta.info/nyct/subway/index.html,3月4日
Clark St,-73.993086,40.69746633,http://www.mta.info/nyct/subway/index.html,2月3日
Franklin Ave,-73.956848,40.68138,http://www.mta.info/nyct/subway/index.html,A-C
Clinton - Washington Aves,-73.965838,40.68326333,http://www.mta.info/nyct/subway/index.html,A-C
Forest Ave,-73.903075,40.70441233,http://www.mta.info/nyct/subway/index.html,M
110th St,-73.94425,40.79502033,http://www.mta.info/nyct/subway/index.html,4-6-6 Express
86th St,-73.955589,40.77949233,http://www.mta.info/nyct/subway/index.html,4-5-6-6 Express
York St,-73.986885,40.699743,http://www.mta.info/nyct/subway/index.html,F
High St,-73.990531,40.69933733,http://www.mta.info/nyct/subway/index.html,A-C
Lafayette Ave,-73.973946,40.68611333,http://www.mta.info/nyct/subway/index.html,A-C
President St,-73.9505892,40.66788394,http://www.mta.info/nyct/subway/index.html,2月5日
Woodlawn,-73.878751,40.88603733,http://www.mta.info/nyct/subway/index.html,4
Bleecker St (Uptown),-73.994659,40.725915,http://www.mta.info/nyct/subway/index.html,4-6-6 Express
103rd St,-73.947478,40.79060033,http://www.mta.info/nyct/subway/index.html,4-6-6 Express
Euclid Ave,-73.872106,40.67537733,http://www.mta.info/nyct/subway/index.html,A-C-S
88th St,-73.85147,40.67984333,http://www.mta.info/nyct/subway/index.html,A-S
Cortelyou Rd,-73.96379005,40.6409405,http://www.mta.info/nyct/subway/index.html,B-Q
116th St,-73.941617,40.79862933,http://www.mta.info/nyct/subway/index.html,4-6-6 Express
Parkchester,-73.860816,40.83322633,http://www.mta.info/nyct/subway/index.html,6-6 Express
Franklin St,-74.006886,40.71931833,http://www.mta.info/nyct/subway/index.html,1月2日
80th St,-73.858992,40.67937133,http://www.mta.info/nyct/subway/index.html,A-S
5th Ave - Bryant Pk,-73.981963,40.75382133,http://www.mta.info/nyct/subway/index.html,7-7 Express
Spring St,-73.997141,40.72230133,http://www.mta.info/nyct/subway/index.html,4-6-6 Express
125th St,-73.937594,40.80413833,http://www.mta.info/nyct/subway/index.html,4-5-6-6 Express
Coney Island - Stillwell Av,-73.981236,40.57728133,http://www.mta.info/nyct/subway/index.html,D-F-N-Q